<Anims>
 <anim name="BUILD" root="swap_item_blaster" numframes="1000" framerate="40">
  <frame idx="0" w="300" h="436" x="-9.298086" y="-59.166523">
   <element name="swap_item_blaster" layername="timeline_0" frame="0" z_index="1" m_a="1.000000" m_b="0.000000" m_c="0.000000" m_d="1.000000" m_tx="21.974909" m_ty="-49.915897"/>
  </frame>
  <frame idx="25" w="300" h="436" x="-9.298086" y="-59.166523">
   <element name="swap_item_blaster" layername="timeline_0" frame="0" z_index="1" m_a="1.000000" m_b="0.000000" m_c="0.000000" m_d="1.000000" m_tx="21.974909" m_ty="-49.915897"/>
  </frame>
  <frame idx="50" w="300" h="436" x="-9.298086" y="-59.166523">
   <element name="swap_item_blaster" layername="timeline_0" frame="0" z_index="1" m_a="1.000000" m_b="0.000000" m_c="0.000000" m_d="1.000000" m_tx="21.974909" m_ty="-49.915897"/>
  </frame>
  <frame idx="75" w="300" h="436" x="-9.298086" y="-59.166523">
   <element name="swap_item_blaster" layername="timeline_0" frame="0" z_index="1" m_a="1.000000" m_b="0.000000" m_c="0.000000" m_d="1.000000" m_tx="21.974909" m_ty="-49.915897"/>
  </frame>
  <frame idx="100" w="300" h="436" x="-9.298086" y="-59.166523">
   <element name="swap_item_blaster" layername="timeline_0" frame="0" z_index="1" m_a="1.000000" m_b="0.000000" m_c="0.000000" m_d="1.000000" m_tx="21.974909" m_ty="-49.915897"/>
  </frame>
  <frame idx="125" w="300" h="436" x="-9.298086" y="-59.166523">
   <element name="swap_item_blaster" layername="timeline_0" frame="0" z_index="1" m_a="1.000000" m_b="0.000000" m_c="0.000000" m_d="1.000000" m_tx="21.974909" m_ty="-49.915897"/>
  </frame>
  <frame idx="150" w="300" h="436" x="-9.298086" y="-59.166523">
   <element name="swap_item_blaster" layername="timeline_0" frame="0" z_index="1" m_a="1.000000" m_b="0.000000" m_c="0.000000" m_d="1.000000" m_tx="21.974909" m_ty="-49.915897"/>
  </frame>
  <frame idx="175" w="300" h="436" x="-9.298086" y="-59.166523">
   <element name="swap_item_blaster" layername="timeline_0" frame="0" z_index="1" m_a="1.000000" m_b="0.000000" m_c="0.000000" m_d="1.000000" m_tx="21.974909" m_ty="-49.915897"/>
  </frame>
  <frame idx="200" w="300" h="436" x="-9.298086" y="-59.166523">
   <element name="swap_item_blaster" layername="timeline_0" frame="0" z_index="1" m_a="1.000000" m_b="0.000000" m_c="0.000000" m_d="1.000000" m_tx="21.974909" m_ty="-49.915897"/>
  </frame>
  <frame idx="225" w="300" h="436" x="-9.298086" y="-59.166523">
   <element name="swap_item_blaster" layername="timeline_0" frame="0" z_index="1" m_a="1.000000" m_b="0.000000" m_c="0.000000" m_d="1.000000" m_tx="21.974909" m_ty="-49.915897"/>
  </frame>
  <frame idx="250" w="300" h="436" x="-9.298086" y="-59.166523">
   <element name="swap_item_blaster" layername="timeline_0" frame="0" z_index="1" m_a="1.000000" m_b="0.000000" m_c="0.000000" m_d="1.000000" m_tx="21.974909" m_ty="-49.915897"/>
  </frame>
  <frame idx="275" w="300" h="436" x="-9.298086" y="-59.166523">
   <element name="swap_item_blaster" layername="timeline_0" frame="0" z_index="1" m_a="1.000000" m_b="0.000000" m_c="0.000000" m_d="1.000000" m_tx="21.974909" m_ty="-49.915897"/>
  </frame>
  <frame idx="300" w="300" h="436" x="-9.298086" y="-59.166523">
   <element name="swap_item_blaster" layername="timeline_0" frame="0" z_index="1" m_a="1.000000" m_b="0.000000" m_c="0.000000" m_d="1.000000" m_tx="21.974909" m_ty="-49.915897"/>
  </frame>
  <frame idx="325" w="300" h="436" x="-9.298086" y="-59.166523">
   <element name="swap_item_blaster" layername="timeline_0" frame="0" z_index="1" m_a="1.000000" m_b="0.000000" m_c="0.000000" m_d="1.000000" m_tx="21.974909" m_ty="-49.915897"/>
  </frame>
  <frame idx="350" w="300" h="436" x="-9.298086" y="-59.166523">
   <element name="swap_item_blaster" layername="timeline_0" frame="0" z_index="1" m_a="1.000000" m_b="0.000000" m_c="0.000000" m_d="1.000000" m_tx="21.974909" m_ty="-49.915897"/>
  </frame>
  <frame idx="375" w="300" h="436" x="-9.298086" y="-59.166523">
   <element name="swap_item_blaster" layername="timeline_0" frame="0" z_index="1" m_a="1.000000" m_b="0.000000" m_c="0.000000" m_d="1.000000" m_tx="21.974909" m_ty="-49.915897"/>
  </frame>
  <frame idx="400" w="300" h="436" x="-9.298086" y="-59.166523">
   <element name="swap_item_blaster" layername="timeline_0" frame="0" z_index="1" m_a="1.000000" m_b="0.000000" m_c="0.000000" m_d="1.000000" m_tx="21.974909" m_ty="-49.915897"/>
  </frame>
  <frame idx="425" w="300" h="436" x="-9.298086" y="-59.166523">
   <element name="swap_item_blaster" layername="timeline_0" frame="0" z_index="1" m_a="1.000000" m_b="0.000000" m_c="0.000000" m_d="1.000000" m_tx="21.974909" m_ty="-49.915897"/>
  </frame>
  <frame idx="450" w="300" h="436" x="-9.298086" y="-59.166523">
   <element name="swap_item_blaster" layername="timeline_0" frame="0" z_index="1" m_a="1.000000" m_b="0.000000" m_c="0.000000" m_d="1.000000" m_tx="21.974909" m_ty="-49.915897"/>
  </frame>
  <frame idx="475" w="300" h="436" x="-9.298086" y="-59.166523">
   <element name="swap_item_blaster" layername="timeline_0" frame="0" z_index="1" m_a="1.000000" m_b="0.000000" m_c="0.000000" m_d="1.000000" m_tx="21.974909" m_ty="-49.915897"/>
  </frame>
  <frame idx="500" w="300" h="436" x="-9.298086" y="-59.166523">
   <element name="swap_item_blaster" layername="timeline_0" frame="0" z_index="1" m_a="1.000000" m_b="0.000000" m_c="0.000000" m_d="1.000000" m_tx="21.974909" m_ty="-49.915897"/>
  </frame>
  <frame idx="525" w="300" h="436" x="-9.298086" y="-59.166523">
   <element name="swap_item_blaster" layername="timeline_0" frame="0" z_index="1" m_a="1.000000" m_b="0.000000" m_c="0.000000" m_d="1.000000" m_tx="21.974909" m_ty="-49.915897"/>
  </frame>
  <frame idx="550" w="300" h="436" x="-9.298086" y="-59.166523">
   <element name="swap_item_blaster" layername="timeline_0" frame="0" z_index="1" m_a="1.000000" m_b="0.000000" m_c="0.000000" m_d="1.000000" m_tx="21.974909" m_ty="-49.915897"/>
  </frame>
  <frame idx="575" w="300" h="436" x="-9.298086" y="-59.166523">
   <element name="swap_item_blaster" layername="timeline_0" frame="0" z_index="1" m_a="1.000000" m_b="0.000000" m_c="0.000000" m_d="1.000000" m_tx="21.974909" m_ty="-49.915897"/>
  </frame>
  <frame idx="600" w="300" h="436" x="-9.298086" y="-59.166523">
   <element name="swap_item_blaster" layername="timeline_0" frame="0" z_index="1" m_a="1.000000" m_b="0.000000" m_c="0.000000" m_d="1.000000" m_tx="21.974909" m_ty="-49.915897"/>
  </frame>
  <frame idx="625" w="300" h="436" x="-9.298086" y="-59.166523">
   <element name="swap_item_blaster" layername="timeline_0" frame="0" z_index="1" m_a="1.000000" m_b="0.000000" m_c="0.000000" m_d="1.000000" m_tx="21.974909" m_ty="-49.915897"/>
  </frame>
  <frame idx="650" w="300" h="436" x="-9.298086" y="-59.166523">
   <element name="swap_item_blaster" layername="timeline_0" frame="0" z_index="1" m_a="1.000000" m_b="0.000000" m_c="0.000000" m_d="1.000000" m_tx="21.974909" m_ty="-49.915897"/>
  </frame>
  <frame idx="675" w="300" h="436" x="-9.298086" y="-59.166523">
   <element name="swap_item_blaster" layername="timeline_0" frame="0" z_index="1" m_a="1.000000" m_b="0.000000" m_c="0.000000" m_d="1.000000" m_tx="21.974909" m_ty="-49.915897"/>
  </frame>
  <frame idx="700" w="300" h="436" x="-9.298086" y="-59.166523">
   <element name="swap_item_blaster" layername="timeline_0" frame="0" z_index="1" m_a="1.000000" m_b="0.000000" m_c="0.000000" m_d="1.000000" m_tx="21.974909" m_ty="-49.915897"/>
  </frame>
  <frame idx="725" w="300" h="436" x="-9.298086" y="-59.166523">
   <element name="swap_item_blaster" layername="timeline_0" frame="0" z_index="1" m_a="1.000000" m_b="0.000000" m_c="0.000000" m_d="1.000000" m_tx="21.974909" m_ty="-49.915897"/>
  </frame>
  <frame idx="750" w="300" h="436" x="-9.298086" y="-59.166523">
   <element name="swap_item_blaster" layername="timeline_0" frame="0" z_index="1" m_a="1.000000" m_b="0.000000" m_c="0.000000" m_d="1.000000" m_tx="21.974909" m_ty="-49.915897"/>
  </frame>
  <frame idx="775" w="300" h="436" x="-9.298086" y="-59.166523">
   <element name="swap_item_blaster" layername="timeline_0" frame="0" z_index="1" m_a="1.000000" m_b="0.000000" m_c="0.000000" m_d="1.000000" m_tx="21.974909" m_ty="-49.915897"/>
  </frame>
  <frame idx="800" w="300" h="436" x="-9.298086" y="-59.166523">
   <element name="swap_item_blaster" layername="timeline_0" frame="0" z_index="1" m_a="1.000000" m_b="0.000000" m_c="0.000000" m_d="1.000000" m_tx="21.974909" m_ty="-49.915897"/>
  </frame>
  <frame idx="825" w="300" h="436" x="-9.298086" y="-59.166523">
   <element name="swap_item_blaster" layername="timeline_0" frame="0" z_index="1" m_a="1.000000" m_b="0.000000" m_c="0.000000" m_d="1.000000" m_tx="21.974909" m_ty="-49.915897"/>
  </frame>
  <frame idx="850" w="300" h="436" x="-9.298086" y="-59.166523">
   <element name="swap_item_blaster" layername="timeline_0" frame="0" z_index="1" m_a="1.000000" m_b="0.000000" m_c="0.000000" m_d="1.000000" m_tx="21.974909" m_ty="-49.915897"/>
  </frame>
  <frame idx="875" w="300" h="436" x="-9.298086" y="-59.166523">
   <element name="swap_item_blaster" layername="timeline_0" frame="0" z_index="1" m_a="1.000000" m_b="0.000000" m_c="0.000000" m_d="1.000000" m_tx="21.974909" m_ty="-49.915897"/>
  </frame>
  <frame idx="900" w="300" h="436" x="-9.298086" y="-59.166523">
   <element name="swap_item_blaster" layername="timeline_0" frame="0" z_index="1" m_a="1.000000" m_b="0.000000" m_c="0.000000" m_d="1.000000" m_tx="21.974909" m_ty="-49.915897"/>
  </frame>
  <frame idx="925" w="300" h="436" x="-9.298086" y="-59.166523">
   <element name="swap_item_blaster" layername="timeline_0" frame="0" z_index="1" m_a="1.000000" m_b="0.000000" m_c="0.000000" m_d="1.000000" m_tx="21.974909" m_ty="-49.915897"/>
  </frame>
  <frame idx="950" w="300" h="436" x="-9.298086" y="-59.166523">
   <element name="swap_item_blaster" layername="timeline_0" frame="0" z_index="1" m_a="1.000000" m_b="0.000000" m_c="0.000000" m_d="1.000000" m_tx="21.974909" m_ty="-49.915897"/>
  </frame>
  <frame idx="975" w="300" h="436" x="-9.298086" y="-59.166523">
   <element name="swap_item_blaster" layername="timeline_0" frame="0" z_index="1" m_a="1.000000" m_b="0.000000" m_c="0.000000" m_d="1.000000" m_tx="21.974909" m_ty="-49.915897"/>
  </frame>
 </anim>
</Anims>
